image_id,unet_iou,unet_dice,deeplab_iou,deeplab_dice
1,0.9346972703933716,0.9662465453147888,0.9475952386856079,0.9730925559997559
10,0.3460017144680023,0.5141177773475647,0.8002648949623108,0.8890523910522461
100,0.940338671207428,0.9692521095275879,0.9334945678710938,0.9656035304069519
101,0.8995997905731201,0.9471466541290283,0.9297404885292053,0.9635912179946899
102,0.8246555328369141,0.9039027094841003,0.9516218900680542,0.9752113223075867
103,0.8220072984695435,0.9023095965385437,0.9409555196762085,0.9695796966552734
104,0.7839985489845276,0.8789228796958923,0.8549164533615112,0.9217843413352966
105,0.8726128339767456,0.9319735765457153,0.8709729909896851,0.9310374855995178
106,0.416787326335907,0.588355541229248,0.8221734166145325,0.9024096131324768
107,0.8816795349121094,0.937119722366333,0.9181930422782898,0.9573520421981812
108,0.9504881501197815,0.9746156930923462,0.9500184059143066,0.9743686318397522
109,0.9536870718002319,0.9762945771217346,0.9523923993110657,0.9756157398223877
11,0.6693284511566162,0.8019134402275085,0.9006012082099915,0.9477013945579529
110,0.9340780973434448,0.9659156203269958,0.949733555316925,0.9742187857627869
111,0.9518390893936157,0.975325345993042,0.9491941332817078,0.9739349484443665
112,0.9598484039306641,0.9795129299163818,0.9575749039649963,0.978327751159668
113,0.9580643177032471,0.9785830974578857,0.9574462175369263,0.9782605767250061
114,0.7972922325134277,0.8872148990631104,0.9082069993019104,0.9518956542015076
115,0.8994091153144836,0.9470409750938416,0.8943321704864502,0.9442189335823059
116,0.935230553150177,0.9665313959121704,0.9286919236183167,0.9630277752876282
117,0.9069634079933167,0.9512121677398682,0.8876444697380066,0.9404784440994263
118,0.8595060706138611,0.9244455695152283,0.9138845801353455,0.955004870891571
119,0.869581401348114,0.9302418231964111,0.8663942217826843,0.9284150004386902
12,0.8142184615135193,0.8975968956947327,0.9177224040031433,0.9570962190628052
120,0.9162677526473999,0.9563044905662537,0.9214684367179871,0.9591293931007385
121,0.932640016078949,0.9651461243629456,0.942866861820221,0.9705933928489685
122,0.7721614241600037,0.8714346289634705,0.8629143834114075,0.926413357257843
123,0.7718460559844971,0.8712337613105774,0.8976781368255615,0.9460805058479309
124,0.6698887348175049,0.8023154139518738,0.9122859835624695,0.9541313052177429
125,0.9062606692314148,0.950825572013855,0.8890722990036011,0.9412792921066284
126,0.9468334913253784,0.9726908206939697,0.9394538998603821,0.9687818884849548
127,0.9252623915672302,0.961180567741394,0.9075736403465271,0.9515476822853088
128,0.9588695168495178,0.9790029525756836,0.9550818800926208,0.9770249724388123
129,0.9324135184288025,0.9650248289108276,0.9464168548583984,0.9724708795547485
13,0.7910273671150208,0.8833224773406982,0.9485964179039001,0.9736201763153076
130,0.9393365383148193,0.968719482421875,0.9330033659934998,0.9653406143188477
131,0.9422677755355835,0.97027587890625,0.938564658164978,0.9683088660240173
132,0.9591584205627441,0.9791535139083862,0.9378743767738342,0.9679413437843323
133,0.9201265573501587,0.9584019780158997,0.9260655045509338,0.9616137146949768
134,0.9400104880332947,0.9690777659416199,0.8953623175621033,0.9447927474975586
135,0.5716750025749207,0.7274722456932068,0.9688558578491211,0.9841816425323486
136,0.8469170928001404,0.9171143770217896,0.9500950574874878,0.9744089841842651
137,0.8343303203582764,0.9096838235855103,0.9432995915412903,0.9708226323127747
138,0.8931634426116943,0.943567156791687,0.9542021751403809,0.9765644669532776
139,0.9575989246368408,0.9783402681350708,0.9574906826019287,0.9782837629318237
14,0.5654863119125366,0.7224417328834534,0.8554137945175171,0.9220733642578125
140,0.9646810293197632,0.9820230603218079,0.9723230600357056,0.9859673380851746
141,0.7657077312469482,0.8673096895217896,0.938473641872406,0.9682604074478149
142,0.9614660143852234,0.9803544878959656,0.9360780715942383,0.9669837951660156
143,0.8845719695091248,0.9387510418891907,0.8755589723587036,0.9336512088775635
144,0.95815110206604,0.978628396987915,0.9574580788612366,0.9782667756080627
145,0.9490595459938049,0.9738640785217285,0.964782178401947,0.9820754528045654
146,0.9169167280197144,0.9566578269004822,0.9394780993461609,0.9687947630882263
148,0.9612998366355896,0.980268120765686,0.9536696672439575,0.976285457611084
149,0.9474697113037109,0.9730263948440552,0.9514000415802002,0.9750948548316956
15,0.7956910729408264,0.8862226605415344,0.9399562478065491,0.9690489172935486
150,0.9157403707504272,0.9560171961784363,0.9363698959350586,0.967139482498169
151,0.9217573404312134,0.9592858552932739,0.9351091980934143,0.9664666056632996
152,0.8117409348487854,0.8960894346237183,0.8166799545288086,0.8990906476974487
153,0.8668685555458069,0.9286872744560242,0.905586838722229,0.9504545331001282
154,0.04267266020178795,0.08185245096683502,1.256281390027425e-08,1.256281390027425e-08
155,0.48317572474479675,0.6515421271324158,0.8346334099769592,0.9098639488220215
156,0.9222491383552551,0.9595521688461304,0.9365642666816711,0.9672431945800781
157,0.9120413064956665,0.9539974927902222,0.9103863835334778,0.9530913829803467
158,0.9511843919754028,0.9749815464019775,0.9368236660957336,0.967381477355957
159,0.8742207288742065,0.9328898191452026,0.882107675075531,0.9373615384101868
16,0.8554591536521912,0.9220997095108032,0.9382117986679077,0.9681210517883301
160,0.8432344794273376,0.9149508476257324,0.9182838797569275,0.9574014544487
161,0.8773683309555054,0.9346789121627808,0.8993764519691467,0.9470228552818298
162,0.8048375844955444,0.8918670415878296,0.9075337648391724,0.9515258073806763
163,0.8699898719787598,0.9304754734039307,0.9149219989776611,0.9555710554122925
164,0.8876889944076538,0.9405034184455872,0.9057322144508362,0.9505345821380615
165,0.6101102232933044,0.7578489780426025,0.922249972820282,0.9595525860786438
166,0.9318816661834717,0.9647399187088013,0.9247507452964783,0.9609044194221497
167,0.9125049114227295,0.9542510509490967,0.9272361993789673,0.96224445104599
168,0.8569383025169373,0.9229583144187927,0.9134066700935364,0.9547438621520996
169,0.9436741471290588,0.9710209369659424,0.9390824437141418,0.9685843586921692
17,0.9349325299263,0.9663722515106201,0.959159791469574,0.9791542291641235
170,0.9138211607933044,0.9549702405929565,0.9253055453300476,0.9612038731575012
171,0.8971123695373535,0.9457662105560303,0.9403827786445618,0.9692755341529846
172,0.9205943942070007,0.9586557149887085,0.8830769062042236,0.9379084706306458
173,0.8310291767120361,0.9077181220054626,0.7841711044311523,0.879031240940094
174,0.7431974411010742,0.8526830673217773,0.6853402853012085,0.8132960796356201
175,0.7772733569145203,0.8746806979179382,0.895465612411499,0.9448502659797668
176,0.710395097732544,0.8306795358657837,0.8853432536125183,0.9391852021217346
177,0.8720245361328125,0.9316379427909851,0.82936692237854,0.9067256450653076
178,5.078720111129087e-09,5.078720111129087e-09,2.0458263971789847e-09,2.0458263971789847e-09
179,0.8818916082382202,0.9372395277023315,0.9095708131790161,0.9526442289352417
18,0.9649366140365601,0.982155442237854,0.9017464518547058,0.9483351111412048
180,0.8352645635604858,0.9102388620376587,0.8283132314682007,0.906095564365387
181,0.8872642517089844,0.9402649998664856,0.8556388020515442,0.9222040176391602
182,0.8954183459281921,0.9448239803314209,0.8931237459182739,0.9435450434684753
183,0.8396245241165161,0.9128216505050659,0.8497633934020996,0.9187806248664856
184,0.8837310075759888,0.9382773041725159,0.8943036794662476,0.9442030787467957
185,0.8836182951927185,0.9382137656211853,0.8699044585227966,0.9304266571998596
186,0.9145974516868591,0.9553940296173096,0.9066981673240662,0.951066255569458
187,0.8990865349769592,0.9468621015548706,0.8977439403533936,0.9461170434951782
188,0.9346118569374084,0.9662008881568909,0.9261415004730225,0.9616547226905823
189,0.924396276473999,0.9607130289077759,0.912391185760498,0.9541888236999512
19,0.9013356566429138,0.948107898235321,0.8785143494606018,0.9353288412094116
190,0.9130613207817078,0.9545552134513855,0.8714975714683533,0.9313371181488037
191,0.8246913552284241,0.9039242267608643,0.7660984992980957,0.8675603270530701
192,0.8792011737823486,0.9357179999351501,0.8333333134651184,0.9090909361839294
193,0.8422929048538208,0.9143962860107422,0.7996426820755005,0.8886682987213135
194,0.9072759747505188,0.9513840675354004,0.899608314037323,0.9471513628959656
195,0.9303787350654602,0.9639338850975037,0.926354706287384,0.9617696404457092
196,0.8923503756523132,0.9431132674217224,0.8975987434387207,0.9460363984107971
197,0.8647995591163635,0.9274986386299133,0.8932633399963379,0.9436229467391968
198,0.9079764485359192,0.9517690539360046,0.8914090394973755,0.9425872564315796
199,0.9176054000854492,0.9570325613021851,0.90529465675354,0.9502936005592346
2,0.9426352977752686,0.970470666885376,0.9487409591674805,0.9736963510513306
20,0.8491364121437073,0.9184139966964722,0.9472452402114868,0.9729080200195312
200,0.3845597207546234,0.5554974675178528,0.8697690367698669,0.9303491711616516
201,0.49446889758110046,0.6617319583892822,0.8614214658737183,0.9255523085594177
202,0.4433535635471344,0.6143381595611572,0.8311360478401184,0.9077818989753723
203,0.41163909435272217,0.5832072496414185,0.6839744448661804,0.8123335242271423
204,2.1303792063775973e-09,2.1303792063775973e-09,0.5232211351394653,0.6869930028915405
205,0.5959858298301697,0.7468560338020325,0.5482414364814758,0.7082118391990662
206,0.6172373294830322,0.7633231282234192,0.6419515609741211,0.7819372415542603
207,0.5422673225402832,0.7032079100608826,0.6582725644111633,0.7939256429672241
208,0.36272716522216797,0.5323547720909119,0.6791310906410217,0.8089078068733215
209,0.5078758001327515,0.6736307740211487,0.6164882183074951,0.7627500295639038
21,0.8657724857330322,0.9280579090118408,0.9539617300033569,0.9764385223388672
210,0.47255122661590576,0.6418129205703735,0.8284863233566284,0.9061990976333618
211,0.5172156691551208,0.6817958354949951,0.8866958618164062,0.9399457573890686
212,0.5404676795005798,0.7016929984092712,0.8201320767402649,0.9011786580085754
213,0.7499430775642395,0.8571056723594666,0.9047878384590149,0.9500142931938171
214,0.8350068926811218,0.9100858569145203,0.8146452903747559,0.8978562355041504
215,0.9109622240066528,0.953406810760498,0.8758745789527893,0.9338306188583374
216,0.8360627293586731,0.9107125997543335,0.8237885236740112,0.9033816456794739
217,0.9468615055084229,0.9727055430412292,0.9486819505691528,0.9736652374267578
218,0.9385906457901001,0.9683226943016052,0.9423757195472717,0.9703330993652344
219,0.8313784599304199,0.9079264402389526,0.8400164842605591,0.9130532145500183
22,0.44989410042762756,0.6205888986587524,0.8616961240768433,0.9257108569145203
220,0.9445338845252991,0.9714758992195129,0.9207289814949036,0.9587286710739136
221,0.888533890247345,0.9409774541854858,0.8736898303031921,0.9325874447822571
222,0.9288806319236755,0.9631292223930359,0.9245867729187012,0.9608159065246582
223,0.9443719983100891,0.9713902473449707,0.915057897567749,0.9556451439857483
224,0.8753685355186462,0.9335429668426514,0.8627398610115051,0.9263128042221069
225,0.9291440844535828,0.9632707834243774,0.8853110074996948,0.9391670823097229
226,0.9233430027961731,0.9601438641548157,0.8744251132011414,0.9330061674118042
227,0.8053233623504639,0.8921652436256409,0.8512966632843018,0.9196761250495911
228,0.8065559267997742,0.8929210901260376,0.8252190947532654,0.904241144657135
229,0.6607012748718262,0.7956894636154175,0.8013228178024292,0.8897048830986023
23,0.4993930160999298,0.6661269068717957,0.5731008648872375,0.7286257147789001
230,0.4165410101413727,0.5881100296974182,0.7619534134864807,0.8648961782455444
231,0.3174152970314026,0.48187583684921265,0.8174668550491333,0.8995672464370728
232,0.7764456272125244,0.8741563558578491,0.822002112865448,0.9023064374923706
233,0.7658449411392212,0.8673977255821228,0.8770127296447754,0.9344771504402161
234,0.8250011205673218,0.9041102528572083,0.8917308449745178,0.9427671432495117
235,0.8518881797790527,0.9200211763381958,0.8711860775947571,0.9311591982841492
236,0.8225567936897278,0.9026405215263367,0.8830292820930481,0.9378816485404968
237,0.855198860168457,0.9219484329223633,0.8721053600311279,0.9316840767860413
238,0.8097596764564514,0.8948808908462524,0.8867746591567993,0.9399899840354919
239,0.7819502949714661,0.8776342272758484,0.8721997737884521,0.9317378997802734
24,0.8741957545280457,0.9328756332397461,0.960826575756073,0.9800220131874084
240,0.7512373328208923,0.8579503297805786,0.8562723398208618,0.9225718975067139
241,0.7451305389404297,0.8539539575576782,0.8345311880111694,0.9098032116889954
242,0.4766344428062439,0.6455686688423157,0.8326019048690796,0.9086555242538452
243,0.7670107483863831,0.8681449890136719,0.8519213795661926,0.9200405478477478
244,0.8576009273529053,0.9233424663543701,0.8695523142814636,0.9302251935005188
245,0.8559404611587524,0.922379195690155,0.8447282910346985,0.9158295392990112
246,0.7864595651626587,0.8804672360420227,0.8629230260848999,0.9264183640480042
247,0.7133266925811768,0.8326802849769592,0.8273336887359619,0.9055091738700867
248,0.8032256364822388,0.8908764719963074,0.8591646552085876,0.9242480397224426
249,0.8627609610557556,0.9263249635696411,0.8887450098991394,0.941095769405365
25,0.5209353566169739,0.6850197315216064,0.8646239638328552,0.9273976683616638
250,0.8236247301101685,0.9032831192016602,0.8146105408668518,0.8978351354598999
251,0.7789633870124817,0.8757497668266296,0.7890612483024597,0.8820952773094177
252,0.799648642539978,0.8886719346046448,0.7797564268112183,0.8762507438659668
253,0.8994570970535278,0.9470675587654114,0.9030243754386902,0.9490413069725037
254,0.7770716547966003,0.8745529651641846,0.8809078931808472,0.936683714389801
255,0.8040752410888672,0.8913987874984741,0.9139875769615173,0.955061137676239
256,0.8294667601585388,0.9067853093147278,0.8815531730651855,0.9370483756065369
257,0.7925575375556946,0.8842756748199463,0.8966993093490601,0.9455366134643555
258,0.860614538192749,0.9250863194465637,0.9311010241508484,0.9643213748931885
259,0.882729709148407,0.9377126097679138,0.8933651447296143,0.943679690361023
26,0.9094468951225281,0.9525762796401978,0.8692682981491089,0.9300626516342163
260,0.9122276306152344,0.9540994167327881,0.9117162823677063,0.9538196325302124
261,0.7858771681785583,0.8801021575927734,0.9222315549850464,0.9595426321029663
262,0.7136873602867126,0.8329259753227234,0.8934120535850525,0.9437058568000793
263,0.5528219938278198,0.7120223641395569,0.8237709999084473,0.9033710956573486
264,0.8752045035362244,0.9334496259689331,0.9260085821151733,0.9615830183029175
265,0.8634763956069946,0.9267371892929077,0.8929241895675659,0.9434336423873901
266,0.8515691161155701,0.919835090637207,0.8649399280548096,0.927579402923584
267,0.7206732630729675,0.8376643061637878,0.8851403594017029,0.939070999622345
268,0.16997016966342926,0.2905547022819519,0.8580160737037659,0.9235830903053284
269,0.919600784778595,0.9581167101860046,0.840859591960907,0.9135510325431824
27,0.9123222827911377,0.9541511535644531,0.8460431694984436,0.9166017174720764
270,0.7050390243530273,0.8270063400268555,0.7221688628196716,0.8386737108230591
271,0.7630486488342285,0.8656013607978821,0.8467254638671875,0.9170020222663879
272,0.7541892528533936,0.8598721623420715,0.8307135105133057,0.9075297713279724
273,0.5770753622055054,0.731829822063446,0.8598102927207947,0.9246215224266052
274,0.6492706537246704,0.7873427271842957,0.9159133434295654,0.9561114311218262
275,0.8034241795539856,0.8909985423088074,0.8721577525138855,0.9317139387130737
276,0.8841517567634583,0.9385144114494324,0.8309690356254578,0.9076822400093079
277,0.7596235871315002,0.863393247127533,0.6748568415641785,0.8058680891990662
278,0.8353312015533447,0.9102784395217896,0.8981308341026306,0.9463318586349487
279,0.8701792359352112,0.9305837750434875,0.9057211875915527,0.9505285620689392
28,0.8898524045944214,0.9417163133621216,0.9191663265228271,0.9578808546066284
280,0.9115341305732727,0.953719973564148,0.8804163336753845,0.9364057183265686
281,0.9119774699211121,0.9539625644683838,0.9041904807090759,0.9496849179267883
282,0.9284815788269043,0.9629146456718445,0.9103900194168091,0.9530933499336243
283,0.9268515110015869,0.9620373249053955,0.905040442943573,0.9501535296440125
284,0.7340527772903442,0.8466325402259827,0.6891587376594543,0.8159786462783813
285,0.9005972743034363,0.9476991891860962,0.8883740305900574,0.9408878087997437
286,0.8936249017715454,0.9438246488571167,0.8159999847412109,0.8986784219741821
287,0.824554443359375,0.9038419723510742,0.7599369883537292,0.8635956645011902
288,0.8128069043159485,0.8967385292053223,0.8476635217666626,0.9175518751144409
289,0.0695471316576004,0.1300496906042099,0.8853371739387512,0.9391818046569824
29,0.8996121287345886,0.9471534490585327,0.9060006141662598,0.9506824016571045
290,0.8884585499763489,0.9409351944923401,0.9068058729171753,0.9511255025863647
291,0.8601809740066528,0.9248358011245728,0.8355056047439575,0.9103819727897644
292,0.8999999761581421,0.9473684430122375,0.7561450600624084,0.8611419200897217
293,0.8678343892097473,0.9292412400245667,0.9164658784866333,0.9564124345779419
294,0.9331892132759094,0.9654401540756226,0.9387913942337036,0.9684295058250427
295,0.9144126176834106,0.9552931189537048,0.8911080956459045,0.9424189925193787
296,0.9136497974395752,0.9548766613006592,0.9007882475852966,0.9478049278259277
297,0.8642235994338989,0.9271672964096069,0.8616993427276611,0.9257127046585083
298,0.8937072157859802,0.9438705444335938,0.913245439529419,0.9546558260917664
299,0.7185957431793213,0.8362591862678528,0.9195525646209717,0.9580905437469482
3,0.9508592486381531,0.9748107194900513,0.9487387537956238,0.9736951589584351
30,0.863286554813385,0.9266278147697449,0.9317948222160339,0.9646933674812317
300,0.8590385317802429,0.9241750836372375,0.8845080137252808,0.9387150406837463
301,0.877024233341217,0.9344836473464966,0.9261875748634338,0.9616795182228088
302,0.8900748491287231,0.9418408870697021,0.9124758243560791,0.9542351365089417
303,0.877289891242981,0.9346344470977783,0.9144763946533203,0.9553279280662537
304,0.8712682723999023,0.9312061667442322,0.8742563724517822,0.932910144329071
305,0.8717337250709534,0.9314719438552856,0.8877540826797485,0.9405399560928345
306,0.8544631004333496,0.9215207099914551,0.950376033782959,0.9745566844940186
307,0.6669832468032837,0.8002278804779053,0.8927251100540161,0.9433225393295288
308,0.8325620889663696,0.9086318016052246,0.9511036276817322,0.9749391078948975
309,0.7063990235328674,0.8279411792755127,0.8276492357254028,0.9056981205940247
31,0.9276924133300781,0.9624900817871094,0.9325342178344727,0.9650894999504089
310,0.9346405267715454,0.9662162065505981,0.7224285006523132,0.8388487100601196
311,0.8935912847518921,0.9438058733940125,0.9104401469230652,0.9531208276748657
312,0.7486526370048523,0.8562622666358948,0.6446067690849304,0.7839038372039795
313,0.8633649945259094,0.9266729950904846,0.871001660823822,0.931053876876831
314,0.825072169303894,0.9041529297828674,0.8928684592247009,0.9434025883674622
315,0.9556673765182495,0.9773312211036682,0.9781796932220459,0.9889695048332214
316,0.9575311541557312,0.978304922580719,0.941767692565918,0.9700106978416443
317,0.9382492303848267,0.9681409597396851,0.9110333323478699,0.9534457921981812
318,0.8859540224075317,0.93952876329422,0.7771891355514526,0.874627411365509
319,0.9317882657051086,0.9646898508071899,0.8617223501205444,0.9257259368896484
32,0.9278196692466736,0.9625585675239563,0.937443733215332,0.9677119851112366
320,0.9168248772621155,0.9566078782081604,0.8192854523658752,0.9006673097610474
321,0.9358436465263367,0.9668586850166321,0.930436909198761,0.963965117931366
322,0.936098575592041,0.9669947624206543,0.9328453540802002,0.9652560949325562
323,0.8866651654243469,0.9399284720420837,0.9367971420288086,0.9673672914505005
324,0.9490169286727905,0.973841667175293,0.9336925745010376,0.9657094478607178
325,0.921044647693634,0.9588997960090637,0.9533579349517822,0.9761220812797546
326,0.9210202097892761,0.9588865637779236,0.9246293902397156,0.9608389139175415
327,0.9167184829711914,0.9565499424934387,0.904219388961792,0.9497008919715881
328,0.893132209777832,0.9435497522354126,0.902466356754303,0.9487330317497253
329,0.7203608155250549,0.8374531865119934,0.8961185216903687,0.9452136158943176
33,0.9353256225585938,0.966582179069519,0.9435861110687256,0.970974326133728
330,0.8842207193374634,0.9385532140731812,0.9246231317520142,0.9608355164527893
331,0.915234386920929,0.9557414054870605,0.927003800868988,0.9621193408966064
332,0.9295862913131714,0.9635084271430969,0.9370701909065247,0.9675129055976868
333,0.9322758913040161,0.9649510979652405,0.9339781403541565,0.9658621549606323
334,0.8747443556785583,0.9331879019737244,0.8936448097229004,0.9438357353210449
335,0.9148070812225342,0.9555083513259888,0.9257537722587585,0.9614456295967102
336,0.9257978796958923,0.9614694118499756,0.945942223072052,0.972220242023468
337,0.896785318851471,0.9455844163894653,0.9112381935119629,0.9535579681396484
338,0.6909842491149902,0.8172568678855896,0.9314368367195129,0.9645014405250549
339,0.8941947817802429,0.9441423416137695,0.8910818696022034,0.9424043297767639
34,0.9410659074783325,0.9696382880210876,0.9353000521659851,0.9665685296058655
340,0.8838109970092773,0.9383223652839661,0.7959019541740417,0.8863534927368164
341,0.9008764028549194,0.9478537440299988,0.8190269470214844,0.9005110859870911
342,0.6534020304679871,0.7903728485107422,0.9443297386169434,0.9713678956031799
343,0.9231373071670532,0.9600326418876648,0.9128926992416382,0.9544630646705627
344,0.8884485960006714,0.9409295916557312,0.9567464590072632,0.977895200252533
345,0.7038226127624512,0.8261688351631165,0.9494691491127014,0.9740796685218811
346,0.929087221622467,0.9632402062416077,0.9124389290809631,0.9542149901390076
347,0.7566155791282654,0.8614469766616821,0.8310981392860413,0.9077592492103577
348,0.5812705755233765,0.7351943254470825,0.959074079990387,0.9791095852851868
349,0.8237220048904419,0.9033415913581848,0.9497770071029663,0.9742416739463806
35,0.9026347994804382,0.9488261342048645,0.946941614151001,0.9727478623390198
350,0.7745452523231506,0.8729506731033325,0.8102861642837524,0.8952022790908813
351,0.4292856454849243,0.6006996035575867,0.8201515078544617,0.9011903405189514
352,0.8580562472343445,0.9236063361167908,0.8618579506874084,0.9258041977882385
353,0.9153251647949219,0.9557908773422241,0.9193915724754333,0.9580031037330627
354,0.9114993810653687,0.9537009596824646,0.9138774275779724,0.9550009965896606
355,0.7409337759017944,0.8511912226676941,0.8438306450843811,0.9153016805648804
356,0.7805253863334656,0.876736044883728,0.8895357847213745,0.94153892993927
357,0.784503698348999,0.8792402148246765,0.7783862948417664,0.8753849267959595
358,0.833182692527771,0.9090012311935425,0.9163590669631958,0.9563542604446411
359,0.8875712752342224,0.940437376499176,0.8782292604446411,0.9351672530174255
36,0.9064906239509583,0.9509521126747131,0.9031963348388672,0.9491362571716309
360,0.8613640069961548,0.9255191683769226,0.8693754076957703,0.9301239252090454
361,0.9084246754646301,0.952015221118927,0.9201443791389465,0.9584116339683533
362,0.865644633769989,0.9279844760894775,0.8985996842384338,0.9465920925140381
363,0.509392261505127,0.6749634146690369,0.6938202381134033,0.8192371726036072
364,0.8358974456787109,0.910614550113678,0.7913897037506104,0.8835483193397522
365,0.8524974584579468,0.9203764200210571,0.8231292366981506,0.9029850959777832
366,0.8843205571174622,0.9386094808578491,0.8023800849914551,0.8903561234474182
367,0.8277016878128052,0.9057295322418213,0.7817460298538208,0.8775055408477783
368,0.7841924428939819,0.8790447115898132,0.7295660972595215,0.8436406254768372
369,0.896766185760498,0.9455737471580505,0.8151999711990356,0.8981930613517761
37,0.9264692664146423,0.9618313312530518,0.9190688133239746,0.9578279256820679
370,0.8593607544898987,0.9243614673614502,0.7649334073066711,0.8668127655982971
371,0.8227079510688782,0.9027315378189087,0.7309812307357788,0.8445860147476196
372,0.8110445737838745,0.8956649303436279,0.7183942198753357,0.8361227512359619
373,0.8059800863265991,0.892568051815033,0.7954545617103577,0.8860759735107422
374,0.8909691572189331,0.9423412680625916,0.7413185834884644,0.8514450788497925
375,0.8445058465003967,0.915698766708374,0.7598978281021118,0.8635703921318054
376,0.8594807982444763,0.9244309663772583,0.8735885620117188,0.9325297474861145
377,0.8662251830101013,0.9283179640769958,0.7644404172897339,0.8664961457252502
378,0.8939992785453796,0.9440333843231201,0.7888497114181519,0.8819630742073059
379,0.7571825981140137,0.8618143200874329,0.8144578337669373,0.8977423906326294
38,0.9525760412216187,0.9757121205329895,0.9304907321929932,0.963994026184082
380,0.861621618270874,0.9256678223609924,0.8796153664588928,0.9359525442123413
381,0.8105190396308899,0.8953444361686707,0.8455653786659241,0.9163212180137634
382,0.8214953541755676,0.9020010232925415,0.7815499901771545,0.8773820400238037
383,0.8654828667640686,0.9278914928436279,0.8211643099784851,0.9018014073371887
384,0.932349681854248,0.9649906754493713,0.9108971357345581,0.9533711671829224
385,0.9257001876831055,0.9614167213439941,0.9366266131401062,0.967276394367218
386,0.8657055497169495,0.9280194640159607,0.8986663818359375,0.9466290473937988
387,0.7810266017913818,0.8770521879196167,0.8920276761054993,0.9429330229759216
388,0.9114423394203186,0.9536697268486023,0.9467617869377136,0.9726529121398926
389,0.6970289349555969,0.8214697241783142,0.8605141043663025,0.9250283241271973
39,0.9451342225074768,0.9717932939529419,0.9352861046791077,0.9665610790252686
390,0.8684318661689758,0.9295836687088013,0.9647543430328369,0.9820610284805298
391,0.45679354667663574,0.6271218657493591,0.7214933037757874,0.8382179737091064
392,0.8827767968177795,0.9377391934394836,0.8820013403892517,0.937301516532898
393,0.908728301525116,0.9521819353103638,0.8792662620544434,0.9357548952102661
394,0.9336369633674622,0.9656797051429749,0.920028805732727,0.9583489894866943
395,0.9175688028335571,0.9570126533508301,0.9132052063941956,0.9546338319778442
396,0.9284430742263794,0.9628939628601074,0.9115654826164246,0.9537371397018433
397,0.9318355917930603,0.9647151827812195,0.9265482425689697,0.9618738889694214
398,0.9372431635856628,0.9676050543785095,0.9319307208061218,0.9647662043571472
399,0.8334994912147522,0.909189760684967,0.9277957081794739,0.96254563331604
4,0.9474364519119263,0.9730088710784912,0.9545343518257141,0.9767383933067322
40,0.9361370801925659,0.967015266418457,0.9184812903404236,0.9575087428092957
400,0.9212732315063477,0.959023654460907,0.8641282320022583,0.9271124601364136
401,0.9254488945007324,0.9612811803817749,0.9525185227394104,0.9756819605827332
402,0.9356041550636292,0.9667308926582336,0.9399886131286621,0.9690661430358887
403,0.9382473230361938,0.9681399464607239,0.9292171001434326,0.9633100628852844
404,0.9337009191513062,0.9657138586044312,0.9237667918205261,0.9603729844093323
405,0.9149023294448853,0.9555603265762329,0.9089856743812561,0.9523231983184814
406,0.9446039795875549,0.9715129733085632,0.9290968179702759,0.9632453918457031
407,0.910122275352478,0.9529466032981873,0.9341105818748474,0.9659329652786255
408,0.9294009804725647,0.9634088277816772,0.8097922801971436,0.8949007987976074
409,0.9199272394180298,0.9582938551902771,0.9416695833206177,0.9699586033821106
41,0.9419512748718262,0.9701080322265625,0.9423558712005615,0.9703226089477539
410,0.9205790758132935,0.9586473703384399,0.8531205058097839,0.9207394123077393
411,0.8531590700149536,0.9207618236541748,0.8465879559516907,0.9169213175773621
412,0.8296738862991333,0.9069090485572815,0.7033528089523315,0.8258451223373413
413,0.674935519695282,0.8059241771697998,0.6143969893455505,0.7611473202705383
414,0.8596915006637573,0.9245527982711792,0.9349674582481384,0.9663909077644348
415,0.9118788242340088,0.9539086222648621,0.8546953201293945,0.9216557741165161
416,0.9044677019119263,0.9498378038406372,0.8983679413795471,0.9464634656906128
417,0.8953033685684204,0.9447599649429321,0.7864071726799011,0.8804343938827515
418,0.8515915274620056,0.9198481440544128,0.600018322467804,0.7500143051147461
419,0.8435645699501038,0.9151450991630554,0.87872314453125,0.9354471564292908
42,0.9306768178939819,0.9640938639640808,0.9207983613014221,0.9587662816047668
420,0.7938908934593201,0.8851050138473511,0.7975600957870483,0.8873807787895203
421,0.8734183311462402,0.9324327707290649,0.8996800780296326,0.9471911191940308
422,0.8692088723182678,0.9300286173820496,0.8341540098190308,0.9095790386199951
423,0.7303051948547363,0.8441345691680908,0.8326241374015808,0.9086687564849854
424,2.914602115211551e-09,2.914602115211551e-09,0.5402796268463135,0.7015344500541687
425,0.4861951768398285,0.654281735420227,0.7215657234191895,0.8382668495178223
426,0.8680199384689331,0.929347574710846,0.7911874651908875,0.883422315120697
427,0.7325955629348755,0.8456624746322632,0.8046720623970032,0.8917654156684875
428,0.8277341723442078,0.9057489633560181,0.8827657699584961,0.937732994556427
429,0.8140901923179626,0.8975189924240112,0.8865952491760254,0.9398891925811768
43,0.9108960032463074,0.9533705711364746,0.8903210163116455,0.9419786334037781
430,0.811267614364624,0.8958009481430054,0.866129457950592,0.9282630085945129
431,0.7858934998512268,0.88011234998703,0.8534510135650635,0.9209318161010742
432,0.8383299112319946,0.912056028842926,0.8803638219833374,0.9363760352134705
433,0.9029883742332458,0.9490214586257935,0.8687244653701782,0.9297512769699097
434,0.884697437286377,0.9388217329978943,0.8551398515701294,0.9219141602516174
435,0.8598429560661316,0.9246403574943542,0.8484176397323608,0.917993426322937
436,0.8915585875511169,0.9426708817481995,0.9051156044006348,0.9501949548721313
437,0.8604139685630798,0.9249704480171204,0.8964382410049438,0.9453914761543274
438,0.7689842581748962,0.8694076538085938,0.789496123790741,0.882366955280304
439,0.8836607336997986,0.9382376670837402,0.9094294905662537,0.9525667428970337
44,0.9086627960205078,0.9521459937095642,0.8786801695823669,0.9354228377342224
440,0.8475961685180664,0.9175123572349548,0.8944769501686096,0.9442996382713318
441,0.7744107842445374,0.8728652596473694,0.7333333492279053,0.8461538553237915
442,0.7494714856147766,0.8567975759506226,0.8653475642204285,0.9278137683868408
443,0.8263957500457764,0.9049471020698547,0.9233430027961731,0.9601438641548157
444,0.8915244936943054,0.9426518082618713,0.914417028427124,0.9552955031394958
445,0.8814022541046143,0.9369631409645081,0.8969762325286865,0.9456905722618103
446,0.898392915725708,0.9464772939682007,0.8878985047340393,0.940621018409729
447,0.7998812198638916,0.8888155817985535,0.7980476021766663,0.8876823782920837
448,0.5704085230827332,0.7264460325241089,0.8972544074058533,0.9458451271057129
449,0.8726557493209839,0.931998074054718,0.9251375794410706,0.9611132144927979
45,0.9392208456993103,0.9686579704284668,0.9320685863494873,0.9648400545120239
450,0.8106204271316528,0.8954062461853027,0.8882874250411987,0.9408391714096069
451,0.8993310928344727,0.9469977021217346,0.9414715766906738,0.9698535799980164
452,0.8845925331115723,0.9387626051902771,0.9092167615890503,0.9524500370025635
453,0.8910538554191589,0.942388653755188,0.8769384622573853,0.9344349503517151
454,0.8793987035751343,0.9358298778533936,0.9109552502632141,0.9534029960632324
455,0.8702954649925232,0.9306502342224121,0.7888912558555603,0.881989061832428
456,0.9459656476974487,0.9722326397895813,0.8904647827148438,0.9420590996742249
457,0.7474005818367004,0.8554427623748779,0.8872552514076233,0.9402599334716797
458,0.8864107131958008,0.9397854804992676,0.6223615407943726,0.7672291398048401
459,0.9100152254104614,0.9528879523277283,0.834097146987915,0.9095452427864075
46,0.9175907373428345,0.9570245742797852,0.9011986255645752,0.9480320811271667
460,0.9171856641769409,0.9568042159080505,0.9080150723457336,0.9517902731895447
461,0.8996466994285583,0.9471726417541504,0.943700909614563,0.9710351228713989
462,0.9417306184768677,0.9699909687042236,0.871030867099762,0.9310705661773682
463,0.9308872818946838,0.9642067551612854,0.9184054732322693,0.9574675559997559
464,0.9330115914344788,0.965345025062561,0.9413986802101135,0.9698148965835571
465,0.7870272994041443,0.8808228969573975,0.9468616843223572,0.9727056622505188
466,0.9476640224456787,0.9731288552284241,0.9449895620346069,0.9717168211936951
467,0.8092648983001709,0.8945786952972412,0.7850408554077148,0.8795774579048157
468,0.807345449924469,0.8934046626091003,0.7836602926254272,0.8787102699279785
469,0.8778653740882874,0.9349609017372131,0.8837485313415527,0.9382871389389038
47,0.9253429770469666,0.9612240195274353,0.9262051582336426,0.9616889953613281
470,0.28272685408592224,0.4408216178417206,0.8067801594734192,0.8930584788322449
471,0.7624740600585938,0.8652315139770508,0.9127591848373413,0.9543900489807129
472,0.7982308864593506,0.8877957463264465,0.8034486174583435,0.8910135626792908
473,0.879220724105835,0.9357290863990784,0.8910481929779053,0.9423854947090149
474,0.890847384929657,0.9422731995582581,0.8735186457633972,0.9324899315834045
475,0.8415898680686951,0.9139818549156189,0.860808253288269,0.9251982569694519
476,0.8492294549942017,0.9184684157371521,0.8810700178146362,0.9367753267288208
477,0.8560312986373901,0.9224319458007812,0.8825794458389282,0.9376278519630432
478,0.8246737122535706,0.9039136171340942,0.8995841145515442,0.9471379518508911
479,0.9475619196891785,0.9730750322341919,0.949872612953186,0.974291980266571
48,0.9082397222518921,0.9519136548042297,0.8315013647079468,0.9079997539520264
480,0.9034776091575623,0.9492915272712708,0.8830211162567139,0.9378769993782043
481,0.8703508973121643,0.9306819438934326,0.860073447227478,0.924773633480072
482,0.8708718419075012,0.9309797286987305,0.9307820200920105,0.9641502499580383
483,0.8779107928276062,0.9349867105484009,0.931484580039978,0.9645270705223083
484,0.9058215022087097,0.950583815574646,0.9286614656448364,0.9630113840103149
485,0.9037033319473267,0.9494161605834961,0.8574473261833191,0.9232534766197205
486,0.8970438241958618,0.9457281231880188,0.8529373407363892,0.9206327199935913
487,0.932692289352417,0.96517413854599,0.9178590178489685,0.9571704864501953
488,0.9499906897544861,0.974354088306427,0.9458427429199219,0.9721677303314209
489,0.9538595080375671,0.9763849377632141,0.9429919719696045,0.9706596732139587
49,0.9259200096130371,0.9615352749824524,0.9108678102493286,0.9533551335334778
490,0.972730278968811,0.9861766695976257,0.9615696668624878,0.9804083704948425
491,0.914499044418335,0.9553402662277222,0.9206721782684326,0.9586978554725647
492,0.9500285983085632,0.974373996257782,0.9494298696517944,0.9740590453147888
493,0.9643507599830627,0.9818518757820129,0.9597988128662109,0.9794870615005493
494,0.9585477113723755,0.9788352251052856,0.9518246054649353,0.9753177762031555
495,0.9457159042358398,0.9721007347106934,0.8933637142181396,0.9436789155006409
496,0.9382963180541992,0.9681659936904907,0.881469190120697,0.9370009303092957
497,0.9094783067703247,0.9525935053825378,0.8885484933853149,0.9409856200218201
498,0.9500644207000732,0.9743928909301758,0.9162628650665283,0.9563018679618835
499,0.9494444131851196,0.9740666747093201,0.9242043495178223,0.9606093764305115
5,0.9571354985237122,0.9780983328819275,0.9556238651275635,0.977308452129364
50,0.9265674352645874,0.9618842601776123,0.8604479432106018,0.9249900579452515
500,0.8765459656715393,0.9342120885848999,0.8955810070037842,0.9449145197868347
501,0.9405961036682129,0.9693888425827026,0.9385934472084045,0.9683241844177246
502,0.9583333134651184,0.978723406791687,0.9221673607826233,0.9595078825950623
503,0.9543789029121399,0.976656973361969,0.9403597116470337,0.9692632555961609
504,0.938015341758728,0.9680163860321045,0.9180771112442017,0.9572890400886536
505,0.9430243372917175,0.970676839351654,0.9226519465446472,0.959770143032074
506,0.9570272564888,0.9780418276786804,0.9620249271392822,0.980644941329956
507,0.9312279224395752,0.964389443397522,0.936115026473999,0.9670035243034363
508,0.9154923558235168,0.9558820128440857,0.9042890071868896,0.9497392773628235
509,0.9328904151916504,0.9652802348136902,0.903202474117279,0.9491396546363831
510,0.9429802894592285,0.9706534743309021,0.9202476739883423,0.9584676623344421
511,0.7774190306663513,0.8747729659080505,0.9291177988052368,0.9632566571235657
512,0.8435641527175903,0.9151448607444763,0.8736550807952881,0.9325676560401917
513,0.8832196593284607,0.9379889965057373,0.8733866810798645,0.932414710521698
514,0.7009490132331848,0.824185848236084,0.7862910032272339,0.8803616166114807
515,0.9232894778251648,0.9601149559020996,0.8455192446708679,0.9162941575050354
516,0.9072900414466858,0.9513918161392212,0.9357251524925232,0.9667954444885254
517,0.9131088852882385,0.9545812010765076,0.7870330810546875,0.8808265328407288
518,0.9209899306297302,0.9588701128959656,0.8572378158569336,0.9231320023536682
519,0.9069365859031677,0.9511974453926086,0.9066305160522461,0.9510290622711182
52,7.132667345643995e-09,7.132667345643995e-09,2.65322364079168e-09,2.65322364079168e-09
520,0.8901305794715881,0.9418720602989197,0.908726155757904,0.9521807432174683
521,0.9548894166946411,0.9769242405891418,0.9390885233879089,0.9685875773429871
522,0.9128923416137695,0.9544628262519836,0.8700673580169678,0.9305198192596436
523,0.9117215275764465,0.9538224935531616,0.9255813956260681,0.9613526463508606
524,0.8838119506835938,0.938322901725769,0.9450549483299255,0.9717513918876648
525,0.8682240843772888,0.92946457862854,0.9076536893844604,0.9515916705131531
526,0.9183103442192078,0.9574158191680908,0.9174476265907288,0.9569467306137085
527,0.9369155168533325,0.9674304127693176,0.9294737577438354,0.9634479284286499
528,0.9070871472358704,0.9512802362442017,0.9319981336593628,0.9648023247718811
529,0.8080684542655945,0.8938471674919128,0.8413122892379761,0.9138181209564209
53,0.8130612373352051,0.8968932628631592,0.8427152037620544,0.9146450757980347
530,0.7393885850906372,0.8501706719398499,0.7052072286605835,0.8271220326423645
531,0.7763347625732422,0.8740860819816589,0.7067013382911682,0.8281487822532654
532,0.590674877166748,0.7426720261573792,0.7211837768554688,0.8380090594291687
533,0.6677215099334717,0.8007590174674988,0.7705343961715698,0.8703975677490234
534,0.7232469320297241,0.8394002318382263,0.8920044898986816,0.9429200887680054
535,0.7803201675415039,0.8766065239906311,0.8627263903617859,0.9263049960136414
536,0.6244434118270874,0.7688090205192566,0.9131395816802979,0.9545980095863342
537,0.7132813334465027,0.8326494097709656,0.8564286828041077,0.922662615776062
538,0.5254694223403931,0.6889281272888184,0.8570137023925781,0.9230020046234131
539,0.7698928117752075,0.8699880838394165,0.8096201419830322,0.8947956562042236
54,1.6863406671063785e-08,1.6863406671063785e-08,1.6863406671063785e-08,1.6863406671063785e-08
540,0.9152178764343262,0.9557323455810547,0.9160006046295166,0.9561589956283569
541,0.8061283230781555,0.8926589488983154,0.8519637584686279,0.9200652241706848
542,0.8470588326454163,0.9171974658966064,0.8727522492408752,0.9320530891418457
543,0.7960999608039856,0.8864762187004089,0.8876980543136597,0.9405085444450378
544,0.9192498922348022,0.9579262137413025,0.9105142951011658,0.9531614780426025
545,0.8833315372467041,0.9380521178245544,0.8816088438034058,0.9370797872543335
546,0.8599470853805542,0.9247005581855774,0.8684062957763672,0.9295690059661865
547,0.8420008420944214,0.9142241477966309,0.8567485213279724,0.9228482246398926
548,0.8472821116447449,0.9173283576965332,0.8508305549621582,0.9194040298461914
549,0.3941335082054138,0.5654171705245972,0.372126042842865,0.5424079298973083
55,0.8515185713768005,0.9198055863380432,0.8814589381217957,0.9369951486587524
550,0.8616055846214294,0.9256585836410522,0.8544408082962036,0.9215077757835388
551,0.8730267882347107,0.9322096109390259,0.8778669834136963,0.9349618554115295
552,0.8787610530853271,0.9354686737060547,0.8917601704597473,0.942783534526825
553,0.8575326204299927,0.9233028888702393,0.885149359703064,0.9390761256217957
554,0.8636032938957214,0.9268102049827576,0.8570512533187866,0.9230238199234009
555,0.8362823128700256,0.9108428359031677,0.8960625529289246,0.9451824426651001
556,0.855966329574585,0.9223942160606384,0.8920586109161377,0.9429503083229065
557,0.8418435454368591,0.9141314625740051,0.8756164908409119,0.9336839318275452
558,0.837414562702179,0.9115139842033386,0.8786184787750244,0.9353878498077393
559,1.9920317839705604e-08,1.9920317839705604e-08,1.9880715740328014e-08,1.9880715740328014e-08
56,0.8142039179801941,0.8975880742073059,0.8788953423500061,0.9355447888374329
560,0.6613309383392334,0.7961459159851074,0.660437822341919,0.7954983711242676
561,0.8007968068122864,0.8893805146217346,0.8190923929214478,0.9005506038665771
562,0.7954881191253662,0.8860967755317688,0.7772640585899353,0.8746747970581055
563,0.7611517906188965,0.8643795251846313,0.8821710348129272,0.937397301197052
564,0.6899224519729614,0.8165137767791748,0.7850891947746277,0.8796077966690063
565,0.5654639005661011,0.7224234342575073,0.7119109034538269,0.831714928150177
566,0.5454349517822266,0.7058659195899963,0.6972437500953674,0.8216188549995422
567,0.8429751992225647,0.9147982001304626,0.6546119451522827,0.791257381439209
568,3.641660528685975e-09,3.641660528685975e-09,5.543236980543043e-09,5.543236980543043e-09
569,2.9559561465219986e-09,2.9559561465219986e-09,0.19154596328735352,0.3215083181858063
57,0.7482678890228271,0.8560105562210083,0.8477157354354858,0.9175823926925659
570,0.5099999904632568,0.6754966974258423,0.2984626889228821,0.4597170054912567
571,0.8041002154350281,0.8914141654968262,0.6928070187568665,0.8185304403305054
572,0.8807886242866516,0.9366163015365601,0.8466141223907471,0.9169366955757141
573,0.4058645963668823,0.5773878693580627,0.8689787983894348,0.929896891117096
574,0.6538078784942627,0.7906696796417236,0.5912095308303833,0.7430945038795471
575,0.7197775840759277,0.837058961391449,0.6517515182495117,0.789164125919342
576,0.40313446521759033,0.5746198892593384,0.8092369437217712,0.8945615887641907
577,1.3392258413347236e-09,1.3392258413347236e-09,0.788608729839325,0.8818124532699585
578,0.6636006832122803,0.7977884411811829,0.7533480525016785,0.8593251705169678
579,0.6542844176292419,0.7910180687904358,0.881363570690155,0.9369412660598755
58,0.8512719869613647,0.9196617603302002,0.8671755790710449,0.9288634657859802
580,0.5394774079322815,0.7008578181266785,0.9054558873176575,0.95038241147995
581,0.4651608169078827,0.6349621415138245,0.719261646270752,0.8367099165916443
582,0.8392388820648193,0.9125936627388,0.8838379979133606,0.9383375644683838
583,0.8671984076499939,0.9288765788078308,0.9113183617591858,0.9536018371582031
584,0.8684563636779785,0.9295976758003235,0.7488692402839661,0.8564038872718811
585,3.0581039922594755e-09,3.0581039922594755e-09,0.5366232395172119,0.6984447836875916
586,0.7515907287597656,0.8581807613372803,0.8858528733253479,0.9394719004631042
587,0.7465498447418213,0.8548852205276489,0.8998134732246399,0.947265088558197
588,0.8174224495887756,0.899540364742279,0.810155987739563,0.8951228260993958
589,0.6526486277580261,0.7898213863372803,0.8867323398590088,0.9399662017822266
59,0.7582764029502869,0.8625224232673645,0.7977777719497681,0.8875154256820679
590,0.8378214836120605,0.9117550253868103,0.8830490708351135,0.9378927946090698
591,0.7834323644638062,0.8785669803619385,0.7932088375091553,0.8846809267997742
592,0.7116759419441223,0.8315545320510864,0.8535614013671875,0.9209961295127869
593,0.7450980544090271,0.8539325594902039,0.8235975503921509,0.9032667875289917
594,0.5860705375671387,0.7390220761299133,0.8650363683700562,0.9276348352432251
595,0.6381171345710754,0.7790860533714294,0.7996127605438232,0.8886498212814331
596,0.8599790930747986,0.9247190952301025,0.8066191077232361,0.8929597735404968
597,0.12786003947257996,0.2267303168773651,0.6155359148979187,0.7620207071304321
598,0.8127106428146362,0.8966799378395081,0.8751999735832214,0.9334471225738525
599,0.8075770735740662,0.8935465216636658,0.8720077276229858,0.9316283464431763
6,0.865088939666748,0.9276650547981262,0.9475419521331787,0.9730644822120667
60,0.7854077219963074,0.879807710647583,0.7152138352394104,0.8339646458625793
600,0.8425890207290649,0.9145707488059998,0.8641494512557983,0.9271246194839478
601,0.522320568561554,0.6862162351608276,0.8623120188713074,0.9260661005973816
602,0.8035303354263306,0.8910638093948364,0.8993104696273804,0.9469862580299377
603,0.9122724533081055,0.9541239142417908,0.9232755899429321,0.9601074457168579
604,0.895897388458252,0.9450905919075012,0.9182870984077454,0.9574031829833984
605,0.6832866668701172,0.8118482232093811,0.7853742837905884,0.8797867298126221
606,0.8493764400482178,0.918554425239563,0.7347670197486877,0.8471074104309082
607,0.26167023181915283,0.4147997200489044,0.5604712963104248,0.7183359265327454
608,0.8973080515861511,0.9458749294281006,0.7823435664176941,0.8778818845748901
609,0.5769046545028687,0.7316924929618835,0.8529518842697144,0.9206411838531494
61,0.8256275057792664,0.9044862389564514,0.9216207265853882,0.9592118859291077
610,0.9113429188728333,0.9536153078079224,0.9305484890937805,0.9640249609947205
611,0.8501774668693542,0.9190226197242737,0.8009041547775269,0.8894467353820801
612,0.8181231617927551,0.8999645113945007,0.7509618997573853,0.8577706813812256
62,0.7803921699523926,0.8766520023345947,0.7927254438400269,0.8843802213668823
63,0.9073243737220764,0.9514106512069702,0.8849424719810486,0.9389596581459045
64,0.9171428680419922,0.9567809104919434,0.8214471340179443,0.9019719958305359
65,0.8784615397453308,0.9352989196777344,0.7950581312179565,0.8858299851417542
66,0.8327814340591431,0.9087623953819275,0.809841513633728,0.894930899143219
67,0.8599920272827148,0.9247265458106995,0.776130735874176,0.8739567995071411
68,0.727462887763977,0.8422327041625977,0.7377537488937378,0.8490889668464661
69,0.7501161098480225,0.8572186827659607,0.6157676577568054,0.762198269367218
7,0.8516469597816467,0.9198805093765259,0.9395368099212646,0.9688259363174438
70,0.47740933299064636,0.6462790369987488,0.10624692589044571,0.1920853704214096
71,8.635578474525119e-09,8.635578474525119e-09,8.635578474525119e-09,8.635578474525119e-09
72,0.4526456296443939,0.6232017278671265,0.47647058963775635,0.6454183459281921
73,2.403846011134192e-09,2.403846011134192e-09,0.36288028955459595,0.5325196981430054
74,0.42247432470321655,0.5939992666244507,0.46806949377059937,0.637666642665863
75,0.3160608410835266,0.48031342029571533,0.4803334176540375,0.6489530205726624
76,3.926187375213885e-09,3.926187375213885e-09,0.012563805095851421,0.024815823882818222
77,0.3602658212184906,0.5296991467475891,0.5543896555900574,0.713321328163147
78,0.3113742172718048,0.4748823344707489,0.4440636932849884,0.6150195598602295
79,0.8060810565948486,0.8926299810409546,0.7760667204856873,0.8739162087440491
8,0.9005954265594482,0.947698175907135,0.9496486783027649,0.9741741418838501
80,0.7521960139274597,0.8585752248764038,0.78532475233078,0.8797556161880493
81,0.8432735800743103,0.9149738550186157,0.8156967163085938,0.8984944820404053
82,0.8891557455062866,0.9413260221481323,0.8884630799293518,0.9409377574920654
83,0.8401539325714111,0.9131343960762024,0.7948564887046814,0.8857048153877258
84,0.796065628528595,0.8864549398422241,0.8922194838523865,0.943040132522583
85,0.8510779142379761,0.9195484519004822,0.8089085221290588,0.8943608999252319
86,0.8083423376083374,0.8940147161483765,0.8415889143943787,0.9139813184738159
87,0.9219157695770264,0.9593716859817505,0.9113643765449524,0.9536270499229431
88,0.8707194328308105,0.9308925867080688,0.9245753288269043,0.9608097076416016
89,0.9466786980628967,0.9726091027259827,0.9227089285850525,0.9598009586334229
9,0.7637243866920471,0.8660359978675842,0.9260079264640808,0.9615826606750488
90,0.9307702779769897,0.9641439914703369,0.9070584774017334,0.9512644410133362
91,0.9039725661277771,0.9495646953582764,0.907030463218689,0.9512490630149841
92,0.8818290829658508,0.9372042417526245,0.8527119159698486,0.9205013513565063
93,0.8299004435539246,0.9070443511009216,0.833044707775116,0.908919095993042
94,0.649586021900177,0.7875745892524719,0.7864484786987305,0.8804603219032288
95,0.8659266829490662,0.9281465411186218,0.8581408858299255,0.9236553311347961
96,0.8618481159210205,0.9257985353469849,0.8441913723945618,0.915513813495636
97,0.7388116121292114,0.8497891426086426,0.7176637053489685,0.8356277346611023
98,0.9486807584762573,0.9736646413803101,0.941069483757019,0.9696401953697205
99,0.7846694588661194,0.8793442845344543,0.9189979434013367,0.957789421081543
